{"cameraMode":{"drawMode":0,"name":"Shaded","section":"Shading Mode"},"sceneLighting":true,"audioPlay":false,"sceneViewState":{"showFog":false,"showMaterialUpdate":false,"showSkybox":false,"showFlares":false,"showImageEffects":false,"showParticleSystems":false},"in2DMode":false,"pivot":{"x":-2.23240327835083,"y":1.3105082511901856,"z":4.065876483917236},"rotation":{"x":-0.05876067280769348,"y":0.022812513634562494,"z":-0.0014206169871613384,"w":-0.9980555772781372},"size":2.8374242782592775,"orthographic":false}