{"cameraMode":{"drawMode":0,"name":"Shaded","section":"Shading Mode"},"sceneLighting":false,"audioPlay":false,"sceneViewState":{"showFog":false,"showMaterialUpdate":false,"showSkybox":false,"showFlares":false,"showImageEffects":false,"showParticleSystems":false},"in2DMode":false,"pivot":{"x":322.9814453125,"y":146.31137084960938,"z":346.53466796875},"rotation":{"x":-0.1685933768749237,"y":0.14646346867084504,"z":-0.025327075272798539,"w":-0.9744904041290283},"size":487.8049621582031,"orthographic":false}