{"cameraMode":{"drawMode":0,"name":"Shaded","section":"Shading Mode"},"sceneLighting":true,"audioPlay":false,"sceneViewState":{"showFog":false,"showMaterialUpdate":false,"showSkybox":false,"showFlares":false,"showImageEffects":false,"showParticleSystems":false},"in2DMode":false,"pivot":{"x":-3.920802593231201,"y":-0.7803351879119873,"z":0.8155440092086792},"rotation":{"x":-0.18677426874637605,"y":0.65529465675354,"z":-0.17214776575565339,"w":-0.7114477157592773},"size":4.999988555908203,"orthographic":false}