{"cameraMode":{"drawMode":0,"name":"Shaded","section":"Shading Mode"},"sceneLighting":true,"audioPlay":false,"sceneViewState":{"showFog":false,"showMaterialUpdate":false,"showSkybox":false,"showFlares":false,"showImageEffects":false,"showParticleSystems":false},"in2DMode":false,"pivot":{"x":-6.283267974853516,"y":2.1369359493255617,"z":0.08946284651756287},"rotation":{"x":-0.04522942379117012,"y":-0.7236430644989014,"z":-0.047580499202013019,"w":0.6871342062950134},"size":2.7737820148468019,"orthographic":false}