{"cameraMode":{"drawMode":0,"name":"Shaded","section":"Shading Mode"},"sceneLighting":true,"audioPlay":false,"sceneViewState":{"showFog":false,"showMaterialUpdate":false,"showSkybox":false,"showFlares":false,"showImageEffects":false,"showParticleSystems":false},"in2DMode":false,"pivot":{"x":-0.2866445779800415,"y":1.4603439569473267,"z":-5.9314069747924809},"rotation":{"x":-0.000002425153752483311,"y":-0.9999145269393921,"z":-0.002691237721592188,"w":-0.015653101727366449},"size":3.224062204360962,"orthographic":false}