{"cameraMode":{"drawMode":0,"name":"Shaded","section":"Shading Mode"},"sceneLighting":true,"audioPlay":false,"sceneViewState":{"showFog":false,"showMaterialUpdate":false,"showSkybox":false,"showFlares":false,"showImageEffects":false,"showParticleSystems":false},"in2DMode":false,"pivot":{"x":3.7902729511260988,"y":-4.714214324951172,"z":-0.8158187866210938},"rotation":{"x":0.7706406712532044,"y":0.041090305894613269,"z":-0.049963317811489108,"w":0.6340808272361755},"size":8.143848419189454,"orthographic":false}