{"cameraMode":{"drawMode":0,"name":"Shaded","section":"Shading Mode"},"sceneLighting":true,"audioPlay":false,"sceneViewState":{"showFog":false,"showMaterialUpdate":false,"showSkybox":false,"showFlares":false,"showImageEffects":false,"showParticleSystems":false},"in2DMode":false,"pivot":{"x":0.03393081575632095,"y":1.410801649093628,"z":-0.9913144111633301},"rotation":{"x":0.0017478844383731485,"y":0.9920472502708435,"z":0.125351220369339,"w":-0.01364230364561081},"size":1.288691759109497,"orthographic":false}