{"cameraMode":{"drawMode":0,"name":"Shaded","section":"Shading Mode"},"sceneLighting":true,"audioPlay":false,"sceneViewState":{"showFog":false,"showMaterialUpdate":false,"showSkybox":false,"showFlares":false,"showImageEffects":false,"showParticleSystems":false},"in2DMode":false,"pivot":{"x":-1.5910924673080445,"y":1.1148492097854615,"z":-0.2727527320384979},"rotation":{"x":-0.046954043209552768,"y":0.686439573764801,"z":-0.044612493366003039,"w":-0.7244093418121338},"size":0.6729718446731567,"orthographic":false}