{"cameraMode":{"drawMode":0,"name":"Shaded","section":"Shading Mode"},"sceneLighting":true,"audioPlay":false,"sceneViewState":{"showFog":false,"showMaterialUpdate":false,"showSkybox":false,"showFlares":false,"showImageEffects":false,"showParticleSystems":false},"in2DMode":false,"pivot":{"x":0.10621678084135056,"y":1.408104658126831,"z":4.709142208099365},"rotation":{"x":0.0033091052900999786,"y":0.008913407102227211,"z":0.000023440856239176355,"w":1.0000332593917847},"size":1.9690005779266358,"orthographic":false}