{"cameraMode":{"drawMode":0,"name":"Shaded","section":"Shading Mode"},"sceneLighting":true,"audioPlay":false,"sceneViewState":{"showFog":false,"showMaterialUpdate":false,"showSkybox":false,"showFlares":false,"showImageEffects":false,"showParticleSystems":false},"in2DMode":false,"pivot":{"x":-0.4554527997970581,"y":0.7333798408508301,"z":7.051140785217285},"rotation":{"x":0.010801739990711213,"y":0.0422193817794323,"z":-0.0004161529359407723,"w":0.9991104006767273},"size":2.7737820148468019,"orthographic":false}