{"cameraMode":{"drawMode":0,"name":"Shaded","section":"Shading Mode"},"sceneLighting":true,"audioPlay":false,"sceneViewState":{"showFog":false,"showMaterialUpdate":false,"showSkybox":false,"showFlares":false,"showImageEffects":false,"showParticleSystems":false},"in2DMode":false,"pivot":{"x":-0.04418483376502991,"y":1.4380450248718262,"z":2.750234365463257},"rotation":{"x":0.0348040834069252,"y":0.005911330692470074,"z":-0.00019541001529432833,"w":0.9994516372680664},"size":1.0690007209777833,"orthographic":false}