{"cameraMode":{"drawMode":0,"name":"Shaded","section":"Shading Mode"},"sceneLighting":true,"audioPlay":false,"sceneViewState":{"showFog":false,"showMaterialUpdate":false,"showSkybox":false,"showFlares":false,"showImageEffects":false,"showParticleSystems":false},"in2DMode":false,"pivot":{"x":-4.567251682281494,"y":0.7142453789710999,"z":2.1580419540405275},"rotation":{"x":0.03662702813744545,"y":-0.6509476900100708,"z":0.03147367015480995,"w":0.7576074004173279},"size":2.573274850845337,"orthographic":false}