{"cameraMode":{"drawMode":0,"name":"Shaded","section":"Shading Mode"},"sceneLighting":true,"audioPlay":false,"sceneViewState":{"showFog":false,"showMaterialUpdate":false,"showSkybox":false,"showFlares":false,"showImageEffects":false,"showParticleSystems":false},"in2DMode":false,"pivot":{"x":-2.2626099586486818,"y":1.3852667808532715,"z":0.5075893402099609},"rotation":{"x":0.08094105124473572,"y":0.7057040333747864,"z":0.08161599189043045,"w":-0.6992351412773132},"size":0.5231078863143921,"orthographic":false}