{"cameraMode":{"drawMode":0,"name":"Shaded","section":"Shading Mode"},"sceneLighting":true,"audioPlay":false,"sceneViewState":{"showFog":false,"showMaterialUpdate":false,"showSkybox":false,"showFlares":false,"showImageEffects":false,"showParticleSystems":false},"in2DMode":false,"pivot":{"x":-4.0369062423706059,"y":0.7587940692901611,"z":-0.8118881583213806},"rotation":{"x":-0.0012425396125763655,"y":0.6986974477767944,"z":-0.00131627032533288,"w":-0.715528130531311},"size":1.872971773147583,"orthographic":false}