{"cameraMode":{"drawMode":0,"name":"Shaded","section":"Shading Mode"},"sceneLighting":true,"audioPlay":false,"sceneViewState":{"showFog":false,"showMaterialUpdate":false,"showSkybox":false,"showFlares":false,"showImageEffects":false,"showParticleSystems":false},"in2DMode":false,"pivot":{"x":-1.3171288967132569,"y":1.1377590894699097,"z":1.8167736530303956},"rotation":{"x":0.061457663774490359,"y":-0.10045892000198364,"z":0.006220991723239422,"w":0.9930424094200134},"size":1.2285003662109376,"orthographic":false}