{"cameraMode":{"drawMode":0,"name":"Shaded","section":"Shading Mode"},"sceneLighting":true,"audioPlay":false,"sceneViewState":{"showFog":false,"showMaterialUpdate":false,"showSkybox":false,"showFlares":false,"showImageEffects":false,"showParticleSystems":false},"in2DMode":false,"pivot":{"x":-4.885469436645508,"y":1.5211596488952637,"z":-0.09144383668899536},"rotation":{"x":-0.056502923369407657,"y":0.6898748278617859,"z":-0.05411173403263092,"w":-0.7197889685630798},"size":2.716360330581665,"orthographic":false}