{"cameraMode":{"drawMode":0,"name":"Shaded","section":"Shading Mode"},"sceneLighting":true,"audioPlay":false,"sceneViewState":{"showFog":false,"showMaterialUpdate":false,"showSkybox":false,"showFlares":false,"showImageEffects":false,"showParticleSystems":false},"in2DMode":false,"pivot":{"x":-3.81201434135437,"y":1.5725483894348145,"z":0.040656935423612598},"rotation":{"x":-0.0012165128719061614,"y":0.7125154733657837,"z":-0.00134037877433002,"w":-0.7017687559127808},"size":1.5768921375274659,"orthographic":false}