{"cameraMode":{"drawMode":0,"name":"Shaded","section":"Shading Mode"},"sceneLighting":true,"audioPlay":false,"sceneViewState":{"showFog":false,"showMaterialUpdate":false,"showSkybox":false,"showFlares":false,"showImageEffects":false,"showParticleSystems":false},"in2DMode":false,"pivot":{"x":-0.5447533130645752,"y":1.6842490434646607,"z":1.9929414987564088},"rotation":{"x":0.04829125106334686,"y":0.006858488079160452,"z":-0.00030235384474508464,"w":0.9988343119621277},"size":0.6285003423690796,"orthographic":false}