{"cameraMode":{"drawMode":0,"name":"Shaded","section":"Shading Mode"},"sceneLighting":true,"audioPlay":false,"sceneViewState":{"showFog":false,"showMaterialUpdate":false,"showSkybox":false,"showFlares":false,"showImageEffects":false,"showParticleSystems":false},"in2DMode":false,"pivot":{"x":0.3303666114807129,"y":0.9256155490875244,"z":4.7019453048706059},"rotation":{"x":0.0033091052900999786,"y":0.008913407102227211,"z":0.000023440856239176355,"w":1.0000332593917847},"size":2.3563156127929689,"orthographic":false}