{"cameraMode":{"drawMode":0,"name":"Shaded","section":"Shading Mode"},"sceneLighting":true,"audioPlay":false,"sceneViewState":{"showFog":false,"showMaterialUpdate":false,"showSkybox":false,"showFlares":false,"showImageEffects":false,"showParticleSystems":false},"in2DMode":false,"pivot":{"x":-2.2703192234039308,"y":0.869546115398407,"z":0.6673462986946106},"rotation":{"x":0.043806158006191257,"y":-0.6848841309547424,"z":0.041404180228710178,"w":0.7262630462646484},"size":1.12310791015625,"orthographic":false}