{"cameraMode":{"drawMode":0,"name":"Shaded","section":"Shading Mode"},"sceneLighting":true,"audioPlay":false,"sceneViewState":{"showFog":false,"showMaterialUpdate":false,"showSkybox":false,"showFlares":false,"showImageEffects":false,"showParticleSystems":false},"in2DMode":false,"pivot":{"x":-1.1060216426849366,"y":-0.01930677890777588,"z":-2.7454800605773927},"rotation":{"x":-0.0020635465625673534,"y":0.9959616661071777,"z":-0.08717875927686691,"w":-0.023845165967941285},"size":2.4737820625305177,"orthographic":false}